amino_acid,codon,relative_freqTency
*,TAA,1.00
*,TAG,0.00
*,TGA,0.00
A,GCA,0.13
A,GCC,0.65
A,GCG,0.09
A,GCT,0.13
C,TGC,1.00
C,TGT,0.00
D,GAC,0.64
D,GAT,0.36
E,GAA,0.12
E,GAG,0.88
F,TTC,0.50
F,TTT,0.50
G,GGA,0.00
G,GGC,0.55
G,GGG,0.36
G,GGT,0.09
H,CAC,1.00
H,CAT,0.00
I,ATA,0.50
I,ATC,0.33
I,ATT,0.17
K,AAA,0.19
K,AAG,0.81
L,CTA,0.06
L,CTC,0.35
L,CTG,0.47
L,CTT,0.00
L,TTA,0.00
L,TTG,0.12
M,ATG,1.00
N,AAC,0.88
N,AAT,0.12
P,CCA,0.17
P,CCC,0.33
P,CCG,0.33
P,CCT,0.17
Q,CAA,0.14
Q,CAG,0.86
R,AGA,0.23
R,AGG,0.69
R,CGA,0.00
R,CGC,0.00
R,CGG,0.08
R,CGT,0.00
S,AGC,0.16
S,AGT,0.04
S,TCA,0.24
S,TCC,0.04
S,TCG,0.20
S,TCT,0.32
T,ACA,0.29
T,ACC,0.14
T,ACG,0.43
T,ACT,0.14
V,GTA,0.08
V,GTC,0.00
V,GTG,0.67
V,GTT,0.25
W,TGG,1.00
Y,TAC,0.83
Y,TAT,0.17